Code Domaine;Domaine;Code zone;Pays;Code √âl√©ment;Element;Code Produit;Produit;Code ann√©e;Annee;Unit√©;Valeur;Symbole;Description du Symbole
QC;Cultures;233;Burkina Faso;5312;Superficie;79;Mils;1961;1961;ha;615285;;Donn√©e officielle
QC;Cultures;233;Burkina Faso;5312;Superficie;79;Mils;1962;1962;ha;596972;;Donn√©e officielle
QC;Cultures;233;Burkina Faso;5312;Superficie;79;Mils;1963;1963;ha;823384;;Donn√©e officielle
QC;Cultures;233;Burkina Faso;5312;Superficie;79;Mils;1964;1964;ha;806500;;Donn√©e officielle
QC;Cultures;233;Burkina Faso;5312;Superficie;79;Mils;1965;1965;ha;800000;F;Estimation FAO
QC;Cultures;233;Burkina Faso;5312;Superficie;79;Mils;1966;1966;ha;800000;F;Estimation FAO
QC;Cultures;233;Burkina Faso;5312;Superficie;79;Mils;1967;1967;ha;700000;;Donn√©e officielle
QC;Cultures;233;Burkina Faso;5312;Superficie;79;Mils;1968;1968;ha;612347;;Donn√©e officielle
QC;Cultures;233;Burkina Faso;5312;Superficie;79;Mils;1969;1969;ha;867358;;Donn√©e officielle
QC;Cultures;233;Burkina Faso;5312;Superficie;79;Mils;1970;1970;ha;850159;;Donn√©e officielle
QC;Cultures;233;Burkina Faso;5312;Superficie;79;Mils;1971;1971;ha;811695;;Donn√©e officielle
QC;Cultures;233;Burkina Faso;5312;Superficie;79;Mils;1972;1972;ha;711417;;Donn√©e officielle
QC;Cultures;233;Burkina Faso;5312;Superficie;79;Mils;1973;1973;ha;719750;;Donn√©e officielle
QC;Cultures;233;Burkina Faso;5312;Superficie;79;Mils;1974;1974;ha;850000;F;Estimation FAO
QC;Cultures;233;Burkina Faso;5312;Superficie;79;Mils;1975;1975;ha;910750;;Donn√©e officielle
QC;Cultures;233;Burkina Faso;5312;Superficie;79;Mils;1976;1976;ha;810000;*;Chiffre non officiel
QC;Cultures;233;Burkina Faso;5312;Superficie;79;Mils;1977;1977;ha;900000;;Donn√©e officielle
QC;Cultures;233;Burkina Faso;5312;Superficie;79;Mils;1978;1978;ha;767551;;Donn√©e officielle
QC;Cultures;233;Burkina Faso;5312;Superficie;79;Mils;1979;1979;ha;767891;;Donn√©e officielle
QC;Cultures;233;Burkina Faso;5312;Superficie;79;Mils;1980;1980;ha;719947;;Donn√©e officielle
QC;Cultures;233;Burkina Faso;5312;Superficie;79;Mils;1981;1981;ha;922274;;Donn√©e officielle
QC;Cultures;233;Burkina Faso;5312;Superficie;79;Mils;1982;1982;ha;909445;;Donn√©e officielle
QC;Cultures;233;Burkina Faso;5312;Superficie;79;Mils;1983;1983;ha;928403;;Donn√©e officielle
QC;Cultures;233;Burkina Faso;5312;Superficie;79;Mils;1984;1984;ha;722633;;Donn√©e officielle
QC;Cultures;233;Burkina Faso;5312;Superficie;79;Mils;1985;1985;ha;974108;;Donn√©e officielle
QC;Cultures;233;Burkina Faso;5312;Superficie;79;Mils;1986;1986;ha;1171426;;Donn√©e officielle
QC;Cultures;233;Burkina Faso;5312;Superficie;79;Mils;1987;1987;ha;1167737;;Donn√©e officielle
QC;Cultures;233;Burkina Faso;5312;Superficie;79;Mils;1988;1988;ha;1276908;;Donn√©e officielle
QC;Cultures;233;Burkina Faso;5312;Superficie;79;Mils;1989;1989;ha;1277714;;Donn√©e officielle
QC;Cultures;233;Burkina Faso;5312;Superficie;79;Mils;1990;1990;ha;1022000;;Donn√©e officielle
QC;Cultures;233;Burkina Faso;5312;Superficie;79;Mils;1991;1991;ha;1208500;;Donn√©e officielle
QC;Cultures;233;Burkina Faso;5312;Superficie;79;Mils;1992;1992;ha;1203600;;Donn√©e officielle
QC;Cultures;233;Burkina Faso;5312;Superficie;79;Mils;1993;1993;ha;1293270;;Donn√©e officielle
QC;Cultures;233;Burkina Faso;5312;Superficie;79;Mils;1994;1994;ha;1311579;;Donn√©e officielle
QC;Cultures;233;Burkina Faso;5312;Superficie;79;Mils;1995;1995;ha;1019406;;Donn√©e officielle
QC;Cultures;233;Burkina Faso;5312;Superficie;79;Mils;1996;1996;ha;1078118;;Donn√©e officielle
QC;Cultures;233;Burkina Faso;5312;Superficie;79;Mils;1997;1997;ha;1154596;;Donn√©e officielle
QC;Cultures;233;Burkina Faso;5312;Superficie;79;Mils;1998;1998;ha;1243853;;Donn√©e officielle
QC;Cultures;233;Burkina Faso;5312;Superficie;79;Mils;1999;1999;ha;1283701;;Donn√©e officielle
QC;Cultures;233;Burkina Faso;5312;Superficie;79;Mils;2000;2000;ha;1138581;;Donn√©e officielle
QC;Cultures;233;Burkina Faso;5312;Superficie;79;Mils;2001;2001;ha;1322953;;Donn√©e officielle
QC;Cultures;233;Burkina Faso;5312;Superficie;79;Mils;2002;2002;ha;1389618;;Donn√©e officielle
QC;Cultures;233;Burkina Faso;5312;Superficie;79;Mils;2003;2003;ha;1406438;;Donn√©e officielle
QC;Cultures;233;Burkina Faso;5312;Superficie;79;Mils;2004;2004;ha;1205420;;Donn√©e officielle
QC;Cultures;233;Burkina Faso;5312;Superficie;79;Mils;2005;2005;ha;1309710;;Donn√©e officielle
QC;Cultures;233;Burkina Faso;5312;Superficie;79;Mils;2006;2006;ha;1223585;;Donn√©e officielle
QC;Cultures;233;Burkina Faso;5312;Superficie;79;Mils;2007;2007;ha;1182665;;Donn√©e officielle
QC;Cultures;233;Burkina Faso;5312;Superficie;79;Mils;2008;2008;ha;1577220;;Donn√©e officielle
QC;Cultures;233;Burkina Faso;5312;Superficie;79;Mils;2009;2009;ha;1255085;;Donn√©e officielle
QC;Cultures;233;Burkina Faso;5312;Superficie;79;Mils;2010;2010;ha;1361835;;Donn√©e officielle
QC;Cultures;233;Burkina Faso;5312;Superficie;79;Mils;2011;2011;ha;1143410;;Donn√©e officielle
QC;Cultures;233;Burkina Faso;5312;Superficie;79;Mils;2012;2012;ha;1272901;;Donn√©e officielle
QC;Cultures;233;Burkina Faso;5312;Superficie;79;Mils;2013;2013;ha;1327078;;Donn√©e officielle
QC;Cultures;233;Burkina Faso;5312;Superficie;79;Mils;2014;2014;ha;1192006;;Donn√©e officielle
QC;Cultures;233;Burkina Faso;5312;Superficie;79;Mils;2015;2015;ha;1160718;;Donn√©e officielle
QC;Cultures;233;Burkina Faso;5312;Superficie;79;Mils;2016;2016;ha;1187397;;Donn√©e officielle
QC;Cultures;233;Burkina Faso;5312;Superficie;79;Mils;2017;2017;ha;1222575;;Donn√©e officielle
QC;Cultures;233;Burkina Faso;5419;Rendement;79;Mils;1961;1961;hg/ha;3168;Fc;Donn√©e calcul√©e
QC;Cultures;233;Burkina Faso;5419;Rendement;79;Mils;1962;1962;hg/ha;4380;Fc;Donn√©e calcul√©e
QC;Cultures;233;Burkina Faso;5419;Rendement;79;Mils;1963;1963;hg/ha;3835;Fc;Donn√©e calcul√©e
QC;Cultures;233;Burkina Faso;5419;Rendement;79;Mils;1964;1964;hg/ha;4687;Fc;Donn√©e calcul√©e
QC;Cultures;233;Burkina Faso;5419;Rendement;79;Mils;1965;1965;hg/ha;3938;Fc;Donn√©e calcul√©e
QC;Cultures;233;Burkina Faso;5419;Rendement;79;Mils;1966;1966;hg/ha;3875;Fc;Donn√©e calcul√©e
QC;Cultures;233;Burkina Faso;5419;Rendement;79;Mils;1967;1967;hg/ha;3629;Fc;Donn√©e calcul√©e
QC;Cultures;233;Burkina Faso;5419;Rendement;79;Mils;1968;1968;hg/ha;6005;Fc;Donn√©e calcul√©e
QC;Cultures;233;Burkina Faso;5419;Rendement;79;Mils;1969;1969;hg/ha;4399;Fc;Donn√©e calcul√©e
QC;Cultures;233;Burkina Faso;5419;Rendement;79;Mils;1970;1970;hg/ha;4696;Fc;Donn√©e calcul√©e
QC;Cultures;233;Burkina Faso;5419;Rendement;79;Mils;1971;1971;hg/ha;3668;Fc;Donn√©e calcul√©e
QC;Cultures;233;Burkina Faso;5419;Rendement;79;Mils;1972;1972;hg/ha;3734;Fc;Donn√©e calcul√©e
QC;Cultures;233;Burkina Faso;5419;Rendement;79;Mils;1973;1973;hg/ha;3509;Fc;Donn√©e calcul√©e
QC;Cultures;233;Burkina Faso;5419;Rendement;79;Mils;1974;1974;hg/ha;3933;Fc;Donn√©e calcul√©e
QC;Cultures;233;Burkina Faso;5419;Rendement;79;Mils;1975;1975;hg/ha;4235;Fc;Donn√©e calcul√©e
QC;Cultures;233;Burkina Faso;5419;Rendement;79;Mils;1976;1976;hg/ha;4288;Fc;Donn√©e calcul√©e
QC;Cultures;233;Burkina Faso;5419;Rendement;79;Mils;1977;1977;hg/ha;3941;Fc;Donn√©e calcul√©e
QC;Cultures;233;Burkina Faso;5419;Rendement;79;Mils;1978;1978;hg/ha;4923;Fc;Donn√©e calcul√©e
QC;Cultures;233;Burkina Faso;5419;Rendement;79;Mils;1979;1979;hg/ha;4919;Fc;Donn√©e calcul√©e
QC;Cultures;233;Burkina Faso;5419;Rendement;79;Mils;1980;1980;hg/ha;4871;Fc;Donn√©e calcul√©e
QC;Cultures;233;Burkina Faso;5419;Rendement;79;Mils;1981;1981;hg/ha;4801;Fc;Donn√©e calcul√©e
QC;Cultures;233;Burkina Faso;5419;Rendement;79;Mils;1982;1982;hg/ha;4853;Fc;Donn√©e calcul√©e
QC;Cultures;233;Burkina Faso;5419;Rendement;79;Mils;1983;1983;hg/ha;4215;Fc;Donn√©e calcul√©e
QC;Cultures;233;Burkina Faso;5419;Rendement;79;Mils;1984;1984;hg/ha;5147;Fc;Donn√©e calcul√©e
QC;Cultures;233;Burkina Faso;5419;Rendement;79;Mils;1985;1985;hg/ha;6022;Fc;Donn√©e calcul√©e
QC;Cultures;233;Burkina Faso;5419;Rendement;79;Mils;1986;1986;hg/ha;5801;Fc;Donn√©e calcul√©e
QC;Cultures;233;Burkina Faso;5419;Rendement;79;Mils;1987;1987;hg/ha;5411;Fc;Donn√©e calcul√©e
QC;Cultures;233;Burkina Faso;5419;Rendement;79;Mils;1988;1988;hg/ha;6396;Fc;Donn√©e calcul√©e
QC;Cultures;233;Burkina Faso;5419;Rendement;79;Mils;1989;1989;hg/ha;5082;Fc;Donn√©e calcul√©e
QC;Cultures;233;Burkina Faso;5419;Rendement;79;Mils;1990;1990;hg/ha;4393;Fc;Donn√©e calcul√©e
QC;Cultures;233;Burkina Faso;5419;Rendement;79;Mils;1991;1991;hg/ha;7021;Fc;Donn√©e calcul√©e
QC;Cultures;233;Burkina Faso;5419;Rendement;79;Mils;1992;1992;hg/ha;6510;Fc;Donn√©e calcul√©e
QC;Cultures;233;Burkina Faso;5419;Rendement;79;Mils;1993;1993;hg/ha;6953;Fc;Donn√©e calcul√©e
QC;Cultures;233;Burkina Faso;5419;Rendement;79;Mils;1994;1994;hg/ha;6339;Fc;Donn√©e calcul√©e
QC;Cultures;233;Burkina Faso;5419;Rendement;79;Mils;1995;1995;hg/ha;7197;Fc;Donn√©e calcul√©e
QC;Cultures;233;Burkina Faso;5419;Rendement;79;Mils;1996;1996;hg/ha;7527;Fc;Donn√©e calcul√©e
QC;Cultures;233;Burkina Faso;5419;Rendement;79;Mils;1997;1997;hg/ha;5231;Fc;Donn√©e calcul√©e
QC;Cultures;233;Burkina Faso;5419;Rendement;79;Mils;1998;1998;hg/ha;7821;Fc;Donn√©e calcul√©e
QC;Cultures;233;Burkina Faso;5419;Rendement;79;Mils;1999;1999;hg/ha;7362;Fc;Donn√©e calcul√©e
QC;Cultures;233;Burkina Faso;5419;Rendement;79;Mils;2000;2000;hg/ha;6373;Fc;Donn√©e calcul√©e
QC;Cultures;233;Burkina Faso;5419;Rendement;79;Mils;2001;2001;hg/ha;7627;Fc;Donn√©e calcul√©e
QC;Cultures;233;Burkina Faso;5419;Rendement;79;Mils;2002;2002;hg/ha;7158;Fc;Donn√©e calcul√©e
QC;Cultures;233;Burkina Faso;5419;Rendement;79;Mils;2003;2003;hg/ha;8420;Fc;Donn√©e calcul√©e
QC;Cultures;233;Burkina Faso;5419;Rendement;79;Mils;2004;2004;hg/ha;7778;Fc;Donn√©e calcul√©e
QC;Cultures;233;Burkina Faso;5419;Rendement;79;Mils;2005;2005;hg/ha;9134;Fc;Donn√©e calcul√©e
QC;Cultures;233;Burkina Faso;5419;Rendement;79;Mils;2006;2006;hg/ha;9603;Fc;Donn√©e calcul√©e
QC;Cultures;233;Burkina Faso;5419;Rendement;79;Mils;2007;2007;hg/ha;8168;Fc;Donn√©e calcul√©e
QC;Cultures;233;Burkina Faso;5419;Rendement;79;Mils;2008;2008;hg/ha;7958;Fc;Donn√©e calcul√©e
QC;Cultures;233;Burkina Faso;5419;Rendement;79;Mils;2009;2009;hg/ha;7736;Fc;Donn√©e calcul√©e
QC;Cultures;233;Burkina Faso;5419;Rendement;79;Mils;2010;2010;hg/ha;8429;Fc;Donn√©e calcul√©e
QC;Cultures;233;Burkina Faso;5419;Rendement;79;Mils;2011;2011;hg/ha;7248;Fc;Donn√©e calcul√©e
QC;Cultures;233;Burkina Faso;5419;Rendement;79;Mils;2012;2012;hg/ha;8472;Fc;Donn√©e calcul√©e
QC;Cultures;233;Burkina Faso;5419;Rendement;79;Mils;2013;2013;hg/ha;8127;Fc;Donn√©e calcul√©e
QC;Cultures;233;Burkina Faso;5419;Rendement;79;Mils;2014;2014;hg/ha;8159;Fc;Donn√©e calcul√©e
QC;Cultures;233;Burkina Faso;5419;Rendement;79;Mils;2015;2015;hg/ha;8152;Fc;Donn√©e calcul√©e
QC;Cultures;233;Burkina Faso;5419;Rendement;79;Mils;2016;2016;hg/ha;7622;Fc;Donn√©e calcul√©e
QC;Cultures;233;Burkina Faso;5419;Rendement;79;Mils;2017;2017;hg/ha;6775;Fc;Donn√©e calcul√©e
QC;Cultures;233;Burkina Faso;5510;Production;79;Mils;1961;1961;tonnes;194940;;Donn√©e officielle
QC;Cultures;233;Burkina Faso;5510;Production;79;Mils;1962;1962;tonnes;261473;;Donn√©e officielle
QC;Cultures;233;Burkina Faso;5510;Production;79;Mils;1963;1963;tonnes;315765;;Donn√©e officielle
QC;Cultures;233;Burkina Faso;5510;Production;79;Mils;1964;1964;tonnes;378000;;Donn√©e officielle
QC;Cultures;233;Burkina Faso;5510;Production;79;Mils;1965;1965;tonnes;315000;;Donn√©e officielle
QC;Cultures;233;Burkina Faso;5510;Production;79;Mils;1966;1966;tonnes;310000;;Donn√©e officielle
QC;Cultures;233;Burkina Faso;5510;Production;79;Mils;1967;1967;tonnes;254000;;Donn√©e officielle
QC;Cultures;233;Burkina Faso;5510;Production;79;Mils;1968;1968;tonnes;367717;;Donn√©e officielle
QC;Cultures;233;Burkina Faso;5510;Production;79;Mils;1969;1969;tonnes;381564;;Donn√©e officielle
QC;Cultures;233;Burkina Faso;5510;Production;79;Mils;1970;1970;tonnes;399212;;Donn√©e officielle
QC;Cultures;233;Burkina Faso;5510;Production;79;Mils;1971;1971;tonnes;297690;;Donn√©e officielle
QC;Cultures;233;Burkina Faso;5510;Production;79;Mils;1972;1972;tonnes;265646;;Donn√©e officielle
QC;Cultures;233;Burkina Faso;5510;Production;79;Mils;1973;1973;tonnes;252525;;Donn√©e officielle
QC;Cultures;233;Burkina Faso;5510;Production;79;Mils;1974;1974;tonnes;334336;;Donn√©e officielle
QC;Cultures;233;Burkina Faso;5510;Production;79;Mils;1975;1975;tonnes;385696;;Donn√©e officielle
QC;Cultures;233;Burkina Faso;5510;Production;79;Mils;1976;1976;tonnes;347312;;Donn√©e officielle
QC;Cultures;233;Burkina Faso;5510;Production;79;Mils;1977;1977;tonnes;354673;;Donn√©e officielle
QC;Cultures;233;Burkina Faso;5510;Production;79;Mils;1978;1978;tonnes;377882;;Donn√©e officielle
QC;Cultures;233;Burkina Faso;5510;Production;79;Mils;1979;1979;tonnes;377734;;Donn√©e officielle
QC;Cultures;233;Burkina Faso;5510;Production;79;Mils;1980;1980;tonnes;350718;;Donn√©e officielle
QC;Cultures;233;Burkina Faso;5510;Production;79;Mils;1981;1981;tonnes;442771;;Donn√©e officielle
QC;Cultures;233;Burkina Faso;5510;Production;79;Mils;1982;1982;tonnes;441367;;Donn√©e officielle
QC;Cultures;233;Burkina Faso;5510;Production;79;Mils;1983;1983;tonnes;391344;;Donn√©e officielle
QC;Cultures;233;Burkina Faso;5510;Production;79;Mils;1984;1984;tonnes;371958;;Donn√©e officielle
QC;Cultures;233;Burkina Faso;5510;Production;79;Mils;1985;1985;tonnes;586589;;Donn√©e officielle
QC;Cultures;233;Burkina Faso;5510;Production;79;Mils;1986;1986;tonnes;679514;;Donn√©e officielle
QC;Cultures;233;Burkina Faso;5510;Production;79;Mils;1987;1987;tonnes;631832;;Donn√©e officielle
QC;Cultures;233;Burkina Faso;5510;Production;79;Mils;1988;1988;tonnes;816650;;Donn√©e officielle
QC;Cultures;233;Burkina Faso;5510;Production;79;Mils;1989;1989;tonnes;649326;;Donn√©e officielle
QC;Cultures;233;Burkina Faso;5510;Production;79;Mils;1990;1990;tonnes;449000;;Donn√©e officielle
QC;Cultures;233;Burkina Faso;5510;Production;79;Mils;1991;1991;tonnes;848500;;Donn√©e officielle
QC;Cultures;233;Burkina Faso;5510;Production;79;Mils;1992;1992;tonnes;783500;;Donn√©e officielle
QC;Cultures;233;Burkina Faso;5510;Production;79;Mils;1993;1993;tonnes;899197;;Donn√©e officielle
QC;Cultures;233;Burkina Faso;5510;Production;79;Mils;1994;1994;tonnes;831422;;Donn√©e officielle
QC;Cultures;233;Burkina Faso;5510;Production;79;Mils;1995;1995;tonnes;733704;;Donn√©e officielle
QC;Cultures;233;Burkina Faso;5510;Production;79;Mils;1996;1996;tonnes;811497;;Donn√©e officielle
QC;Cultures;233;Burkina Faso;5510;Production;79;Mils;1997;1997;tonnes;603932;;Donn√©e officielle
QC;Cultures;233;Burkina Faso;5510;Production;79;Mils;1998;1998;tonnes;972768;;Donn√©e officielle
QC;Cultures;233;Burkina Faso;5510;Production;79;Mils;1999;1999;tonnes;945001;;Donn√©e officielle
QC;Cultures;233;Burkina Faso;5510;Production;79;Mils;2000;2000;tonnes;725613;;Donn√©e officielle
QC;Cultures;233;Burkina Faso;5510;Production;79;Mils;2001;2001;tonnes;1009044;;Donn√©e officielle
QC;Cultures;233;Burkina Faso;5510;Production;79;Mils;2002;2002;tonnes;994661;;Donn√©e officielle
QC;Cultures;233;Burkina Faso;5510;Production;79;Mils;2003;2003;tonnes;1184283;;Donn√©e officielle
QC;Cultures;233;Burkina Faso;5510;Production;79;Mils;2004;2004;tonnes;937630;;Donn√©e officielle
QC;Cultures;233;Burkina Faso;5510;Production;79;Mils;2005;2005;tonnes;1196253;;Donn√©e officielle
QC;Cultures;233;Burkina Faso;5510;Production;79;Mils;2006;2006;tonnes;1175040;;Donn√©e officielle
QC;Cultures;233;Burkina Faso;5510;Production;79;Mils;2007;2007;tonnes;966016;;Donn√©e officielle
QC;Cultures;233;Burkina Faso;5510;Production;79;Mils;2008;2008;tonnes;1255189;;Donn√©e officielle
QC;Cultures;233;Burkina Faso;5510;Production;79;Mils;2009;2009;tonnes;970927;;Donn√©e officielle
QC;Cultures;233;Burkina Faso;5510;Production;79;Mils;2010;2010;tonnes;1147894;;Donn√©e officielle
QC;Cultures;233;Burkina Faso;5510;Production;79;Mils;2011;2011;tonnes;828741;;Donn√©e officielle
QC;Cultures;233;Burkina Faso;5510;Production;79;Mils;2012;2012;tonnes;1078374;;Donn√©e officielle
QC;Cultures;233;Burkina Faso;5510;Production;79;Mils;2013;2013;tonnes;1078570;;Donn√©e officielle
QC;Cultures;233;Burkina Faso;5510;Production;79;Mils;2014;2014;tonnes;972539;;Donn√©e officielle
QC;Cultures;233;Burkina Faso;5510;Production;79;Mils;2015;2015;tonnes;946184;;Donn√©e officielle
QC;Cultures;233;Burkina Faso;5510;Production;79;Mils;2016;2016;tonnes;905071;;Donn√©e officielle
QC;Cultures;233;Burkina Faso;5510;Production;79;Mils;2017;2017;tonnes;828234;;Donn√©e officielle
QC;Cultures;158;Niger;5312;Superficie;79;Mils;1961;1961;ha;1640100;;Donn√©e officielle
QC;Cultures;158;Niger;5312;Superficie;79;Mils;1962;1962;ha;1840000;;Donn√©e officielle
QC;Cultures;158;Niger;5312;Superficie;79;Mils;1963;1963;ha;1887000;;Donn√©e officielle
QC;Cultures;158;Niger;5312;Superficie;79;Mils;1964;1964;ha;1777000;;Donn√©e officielle
QC;Cultures;158;Niger;5312;Superficie;79;Mils;1965;1965;ha;1810000;;Donn√©e officielle
QC;Cultures;158;Niger;5312;Superficie;79;Mils;1966;1966;ha;1743000;;Donn√©e officielle
QC;Cultures;158;Niger;5312;Superficie;79;Mils;1967;1967;ha;1865200;;Donn√©e officielle
QC;Cultures;158;Niger;5312;Superficie;79;Mils;1968;1968;ha;1895200;;Donn√©e officielle
QC;Cultures;158;Niger;5312;Superficie;79;Mils;1969;1969;ha;2271900;;Donn√©e officielle
QC;Cultures;158;Niger;5312;Superficie;79;Mils;1970;1970;ha;2309800;;Donn√©e officielle
QC;Cultures;158;Niger;5312;Superficie;79;Mils;1971;1971;ha;2355800;;Donn√©e officielle
QC;Cultures;158;Niger;5312;Superficie;79;Mils;1972;1972;ha;2194500;;Donn√©e officielle
QC;Cultures;158;Niger;5312;Superficie;79;Mils;1973;1973;ha;2007700;;Donn√©e officielle
QC;Cultures;158;Niger;5312;Superficie;79;Mils;1974;1974;ha;2230000;;Donn√©e officielle
QC;Cultures;158;Niger;5312;Superficie;79;Mils;1975;1975;ha;1692900;;Donn√©e officielle
QC;Cultures;158;Niger;5312;Superficie;79;Mils;1976;1976;ha;2526900;;Donn√©e officielle
QC;Cultures;158;Niger;5312;Superficie;79;Mils;1977;1977;ha;2728500;;Donn√©e officielle
QC;Cultures;158;Niger;5312;Superficie;79;Mils;1978;1978;ha;2726700;;Donn√©e officielle
QC;Cultures;158;Niger;5312;Superficie;79;Mils;1979;1979;ha;2922085;;Donn√©e officielle
QC;Cultures;158;Niger;5312;Superficie;79;Mils;1980;1980;ha;3072360;;Donn√©e officielle
QC;Cultures;158;Niger;5312;Superficie;79;Mils;1981;1981;ha;3038000;;Donn√©e officielle
QC;Cultures;158;Niger;5312;Superficie;79;Mils;1982;1982;ha;3083800;;Donn√©e officielle
QC;Cultures;158;Niger;5312;Superficie;79;Mils;1983;1983;ha;3135550;;Donn√©e officielle
QC;Cultures;158;Niger;5312;Superficie;79;Mils;1984;1984;ha;3025695;;Donn√©e officielle
QC;Cultures;158;Niger;5312;Superficie;79;Mils;1985;1985;ha;3168705;;Donn√©e officielle
QC;Cultures;158;Niger;5312;Superficie;79;Mils;1986;1986;ha;3239487;;Donn√©e officielle
QC;Cultures;158;Niger;5312;Superficie;79;Mils;1987;1987;ha;3016720;;Donn√©e officielle
QC;Cultures;158;Niger;5312;Superficie;79;Mils;1988;1988;ha;3518003;;Donn√©e officielle
QC;Cultures;158;Niger;5312;Superficie;79;Mils;1989;1989;ha;3565738;;Donn√©e officielle
QC;Cultures;158;Niger;5312;Superficie;79;Mils;1990;1990;ha;4606093;;Donn√©e officielle
QC;Cultures;158;Niger;5312;Superficie;79;Mils;1991;1991;ha;4389733;;Donn√©e officielle
QC;Cultures;158;Niger;5312;Superficie;79;Mils;1992;1992;ha;4988796;;Donn√©e officielle
QC;Cultures;158;Niger;5312;Superficie;79;Mils;1993;1993;ha;4675272;;Donn√©e officielle
QC;Cultures;158;Niger;5312;Superficie;79;Mils;1994;1994;ha;4920056;;Donn√©e officielle
QC;Cultures;158;Niger;5312;Superficie;79;Mils;1995;1995;ha;5229430;*;Chiffre non officiel
QC;Cultures;158;Niger;5312;Superficie;79;Mils;1996;1996;ha;5021190;*;Chiffre non officiel
QC;Cultures;158;Niger;5312;Superficie;79;Mils;1997;1997;ha;4503635;;Donn√©e officielle
QC;Cultures;158;Niger;5312;Superficie;79;Mils;1998;1998;ha;5366055;;Donn√©e officielle
QC;Cultures;158;Niger;5312;Superficie;79;Mils;1999;1999;ha;5351201;;Donn√©e officielle
QC;Cultures;158;Niger;5312;Superficie;79;Mils;2000;2000;ha;5151395;;Donn√©e officielle
QC;Cultures;158;Niger;5312;Superficie;79;Mils;2001;2001;ha;5231937;;Donn√©e officielle
QC;Cultures;158;Niger;5312;Superficie;79;Mils;2002;2002;ha;5576500;;Donn√©e officielle
QC;Cultures;158;Niger;5312;Superficie;79;Mils;2003;2003;ha;5771300;;Donn√©e officielle
QC;Cultures;158;Niger;5312;Superficie;79;Mils;2004;2004;ha;5604400;;Donn√©e officielle
QC;Cultures;158;Niger;5312;Superficie;79;Mils;2005;2005;ha;5893900;;Donn√©e officielle
QC;Cultures;158;Niger;5312;Superficie;79;Mils;2006;2006;ha;6229948;;Donn√©e officielle
QC;Cultures;158;Niger;5312;Superficie;79;Mils;2007;2007;ha;6170179;;Donn√©e officielle
QC;Cultures;158;Niger;5312;Superficie;79;Mils;2008;2008;ha;6738884;;Donn√©e officielle
QC;Cultures;158;Niger;5312;Superficie;79;Mils;2009;2009;ha;6513144;;Donn√©e officielle
QC;Cultures;158;Niger;5312;Superficie;79;Mils;2010;2010;ha;7253200;;Donn√©e officielle
QC;Cultures;158;Niger;5312;Superficie;79;Mils;2011;2011;ha;7052175;;Donn√©e officielle
QC;Cultures;158;Niger;5312;Superficie;79;Mils;2012;2012;ha;7095105;;Donn√©e officielle
QC;Cultures;158;Niger;5312;Superficie;79;Mils;2013;2013;ha;7082959;;Donn√©e officielle
QC;Cultures;158;Niger;5312;Superficie;79;Mils;2014;2014;ha;7358247;;Donn√©e officielle
QC;Cultures;158;Niger;5312;Superficie;79;Mils;2015;2015;ha;6426806;;Donn√©e officielle
QC;Cultures;158;Niger;5312;Superficie;79;Mils;2016;2016;ha;7230228;;Donn√©e officielle
QC;Cultures;158;Niger;5312;Superficie;79;Mils;2017;2017;ha;6998776;;Donn√©e officielle
QC;Cultures;158;Niger;5419;Rendement;79;Mils;1961;1961;hg/ha;4731;Fc;Donn√©e calcul√©e
QC;Cultures;158;Niger;5419;Rendement;79;Mils;1962;1962;hg/ha;5076;Fc;Donn√©e calcul√©e
QC;Cultures;158;Niger;5419;Rendement;79;Mils;1963;1963;hg/ha;5146;Fc;Donn√©e calcul√©e
QC;Cultures;158;Niger;5419;Rendement;79;Mils;1964;1964;hg/ha;5703;Fc;Donn√©e calcul√©e
QC;Cultures;158;Niger;5419;Rendement;79;Mils;1965;1965;hg/ha;4362;Fc;Donn√©e calcul√©e
QC;Cultures;158;Niger;5419;Rendement;79;Mils;1966;1966;hg/ha;4830;Fc;Donn√©e calcul√©e
QC;Cultures;158;Niger;5419;Rendement;79;Mils;1967;1967;hg/ha;5362;Fc;Donn√©e calcul√©e
QC;Cultures;158;Niger;5419;Rendement;79;Mils;1968;1968;hg/ha;3866;Fc;Donn√©e calcul√©e
QC;Cultures;158;Niger;5419;Rendement;79;Mils;1969;1969;hg/ha;4822;Fc;Donn√©e calcul√©e
QC;Cultures;158;Niger;5419;Rendement;79;Mils;1970;1970;hg/ha;3770;Fc;Donn√©e calcul√©e
QC;Cultures;158;Niger;5419;Rendement;79;Mils;1971;1971;hg/ha;4070;Fc;Donn√©e calcul√©e
QC;Cultures;158;Niger;5419;Rendement;79;Mils;1972;1972;hg/ha;4187;Fc;Donn√©e calcul√©e
QC;Cultures;158;Niger;5419;Rendement;79;Mils;1973;1973;hg/ha;3122;Fc;Donn√©e calcul√©e
QC;Cultures;158;Niger;5419;Rendement;79;Mils;1974;1974;hg/ha;3958;Fc;Donn√©e calcul√©e
QC;Cultures;158;Niger;5419;Rendement;79;Mils;1975;1975;hg/ha;3434;Fc;Donn√©e calcul√©e
QC;Cultures;158;Niger;5419;Rendement;79;Mils;1976;1976;hg/ha;4033;Fc;Donn√©e calcul√©e
QC;Cultures;158;Niger;5419;Rendement;79;Mils;1977;1977;hg/ha;4143;Fc;Donn√©e calcul√©e
QC;Cultures;158;Niger;5419;Rendement;79;Mils;1978;1978;hg/ha;4117;Fc;Donn√©e calcul√©e
QC;Cultures;158;Niger;5419;Rendement;79;Mils;1979;1979;hg/ha;4295;Fc;Donn√©e calcul√©e
QC;Cultures;158;Niger;5419;Rendement;79;Mils;1980;1980;hg/ha;4438;Fc;Donn√©e calcul√©e
QC;Cultures;158;Niger;5419;Rendement;79;Mils;1981;1981;hg/ha;4325;Fc;Donn√©e calcul√©e
QC;Cultures;158;Niger;5419;Rendement;79;Mils;1982;1982;hg/ha;4191;Fc;Donn√©e calcul√©e
QC;Cultures;158;Niger;5419;Rendement;79;Mils;1983;1983;hg/ha;4182;Fc;Donn√©e calcul√©e
QC;Cultures;158;Niger;5419;Rendement;79;Mils;1984;1984;hg/ha;2548;Fc;Donn√©e calcul√©e
QC;Cultures;158;Niger;5419;Rendement;79;Mils;1985;1985;hg/ha;4577;Fc;Donn√©e calcul√©e
QC;Cultures;158;Niger;5419;Rendement;79;Mils;1986;1986;hg/ha;4270;Fc;Donn√©e calcul√©e
QC;Cultures;158;Niger;5419;Rendement;79;Mils;1987;1987;hg/ha;3305;Fc;Donn√©e calcul√©e
QC;Cultures;158;Niger;5419;Rendement;79;Mils;1988;1988;hg/ha;5021;Fc;Donn√©e calcul√©e
QC;Cultures;158;Niger;5419;Rendement;79;Mils;1989;1989;hg/ha;3738;Fc;Donn√©e calcul√©e
QC;Cultures;158;Niger;5419;Rendement;79;Mils;1990;1990;hg/ha;3833;Fc;Donn√©e calcul√©e
QC;Cultures;158;Niger;5419;Rendement;79;Mils;1991;1991;hg/ha;4141;Fc;Donn√©e calcul√©e
QC;Cultures;158;Niger;5419;Rendement;79;Mils;1992;1992;hg/ha;3770;Fc;Donn√©e calcul√©e
QC;Cultures;158;Niger;5419;Rendement;79;Mils;1993;1993;hg/ha;4021;Fc;Donn√©e calcul√©e
QC;Cultures;158;Niger;5419;Rendement;79;Mils;1994;1994;hg/ha;3022;Fc;Donn√©e calcul√©e
QC;Cultures;158;Niger;5419;Rendement;79;Mils;1995;1995;hg/ha;3383;Fc;Donn√©e calcul√©e
QC;Cultures;158;Niger;5419;Rendement;79;Mils;1996;1996;hg/ha;3501;Fc;Donn√©e calcul√©e
QC;Cultures;158;Niger;5419;Rendement;79;Mils;1997;1997;hg/ha;3002;Fc;Donn√©e calcul√©e
QC;Cultures;158;Niger;5419;Rendement;79;Mils;1998;1998;hg/ha;4456;Fc;Donn√©e calcul√©e
QC;Cultures;158;Niger;5419;Rendement;79;Mils;1999;1999;hg/ha;4279;Fc;Donn√©e calcul√©e
QC;Cultures;158;Niger;5419;Rendement;79;Mils;2000;2000;hg/ha;3259;Fc;Donn√©e calcul√©e
QC;Cultures;158;Niger;5419;Rendement;79;Mils;2001;2001;hg/ha;4508;Fc;Donn√©e calcul√©e
QC;Cultures;158;Niger;5419;Rendement;79;Mils;2002;2002;hg/ha;4604;Fc;Donn√©e calcul√©e
QC;Cultures;158;Niger;5419;Rendement;79;Mils;2003;2003;hg/ha;4756;Fc;Donn√©e calcul√©e
QC;Cultures;158;Niger;5419;Rendement;79;Mils;2004;2004;hg/ha;3636;Fc;Donn√©e calcul√©e
QC;Cultures;158;Niger;5419;Rendement;79;Mils;2005;2005;hg/ha;4500;Fc;Donn√©e calcul√©e
QC;Cultures;158;Niger;5419;Rendement;79;Mils;2006;2006;hg/ha;4829;Fc;Donn√©e calcul√©e
QC;Cultures;158;Niger;5419;Rendement;79;Mils;2007;2007;hg/ha;4509;Fc;Donn√©e calcul√©e
QC;Cultures;158;Niger;5419;Rendement;79;Mils;2008;2008;hg/ha;5178;Fc;Donn√©e calcul√©e
QC;Cultures;158;Niger;5419;Rendement;79;Mils;2009;2009;hg/ha;4111;Fc;Donn√©e calcul√©e
QC;Cultures;158;Niger;5419;Rendement;79;Mils;2010;2010;hg/ha;5291;Fc;Donn√©e calcul√©e
QC;Cultures;158;Niger;5419;Rendement;79;Mils;2011;2011;hg/ha;3915;Fc;Donn√©e calcul√©e
QC;Cultures;158;Niger;5419;Rendement;79;Mils;2012;2012;hg/ha;5443;Fc;Donn√©e calcul√©e
QC;Cultures;158;Niger;5419;Rendement;79;Mils;2013;2013;hg/ha;4125;Fc;Donn√©e calcul√©e
QC;Cultures;158;Niger;5419;Rendement;79;Mils;2014;2014;hg/ha;4514;Fc;Donn√©e calcul√©e
QC;Cultures;158;Niger;5419;Rendement;79;Mils;2015;2015;hg/ha;5298;Fc;Donn√©e calcul√©e
QC;Cultures;158;Niger;5419;Rendement;79;Mils;2016;2016;hg/ha;5375;Fc;Donn√©e calcul√©e
QC;Cultures;158;Niger;5419;Rendement;79;Mils;2017;2017;hg/ha;5415;Fc;Donn√©e calcul√©e
QC;Cultures;158;Niger;5510;Production;79;Mils;1961;1961;tonnes;776000;;Donn√©e officielle
QC;Cultures;158;Niger;5510;Production;79;Mils;1962;1962;tonnes;934000;;Donn√©e officielle
QC;Cultures;158;Niger;5510;Production;79;Mils;1963;1963;tonnes;971000;;Donn√©e officielle
QC;Cultures;158;Niger;5510;Production;79;Mils;1964;1964;tonnes;1013400;;Donn√©e officielle
QC;Cultures;158;Niger;5510;Production;79;Mils;1965;1965;tonnes;789500;;Donn√©e officielle
QC;Cultures;158;Niger;5510;Production;79;Mils;1966;1966;tonnes;841800;;Donn√©e officielle
QC;Cultures;158;Niger;5510;Production;79;Mils;1967;1967;tonnes;1000100;;Donn√©e officielle
QC;Cultures;158;Niger;5510;Production;79;Mils;1968;1968;tonnes;732600;;Donn√©e officielle
QC;Cultures;158;Niger;5510;Production;79;Mils;1969;1969;tonnes;1095400;;Donn√©e officielle
QC;Cultures;158;Niger;5510;Production;79;Mils;1970;1970;tonnes;870900;;Donn√©e officielle
QC;Cultures;158;Niger;5510;Production;79;Mils;1971;1971;tonnes;958900;;Donn√©e officielle
QC;Cultures;158;Niger;5510;Production;79;Mils;1972;1972;tonnes;918800;;Donn√©e officielle
QC;Cultures;158;Niger;5510;Production;79;Mils;1973;1973;tonnes;626900;;Donn√©e officielle
QC;Cultures;158;Niger;5510;Production;79;Mils;1974;1974;tonnes;882600;;Donn√©e officielle
QC;Cultures;158;Niger;5510;Production;79;Mils;1975;1975;tonnes;581300;;Donn√©e officielle
QC;Cultures;158;Niger;5510;Production;79;Mils;1976;1976;tonnes;1019100;;Donn√©e officielle
QC;Cultures;158;Niger;5510;Production;79;Mils;1977;1977;tonnes;1130300;;Donn√©e officielle
QC;Cultures;158;Niger;5510;Production;79;Mils;1978;1978;tonnes;1122600;;Donn√©e officielle
QC;Cultures;158;Niger;5510;Production;79;Mils;1979;1979;tonnes;1255153;;Donn√©e officielle
QC;Cultures;158;Niger;5510;Production;79;Mils;1980;1980;tonnes;1363600;;Donn√©e officielle
QC;Cultures;158;Niger;5510;Production;79;Mils;1981;1981;tonnes;1313900;;Donn√©e officielle
QC;Cultures;158;Niger;5510;Production;79;Mils;1982;1982;tonnes;1292500;;Donn√©e officielle
QC;Cultures;158;Niger;5510;Production;79;Mils;1983;1983;tonnes;1311206;;Donn√©e officielle
QC;Cultures;158;Niger;5510;Production;79;Mils;1984;1984;tonnes;770964;;Donn√©e officielle
QC;Cultures;158;Niger;5510;Production;79;Mils;1985;1985;tonnes;1450348;;Donn√©e officielle
QC;Cultures;158;Niger;5510;Production;79;Mils;1986;1986;tonnes;1383395;;Donn√©e officielle
QC;Cultures;158;Niger;5510;Production;79;Mils;1987;1987;tonnes;996930;;Donn√©e officielle
QC;Cultures;158;Niger;5510;Production;79;Mils;1988;1988;tonnes;1766306;;Donn√©e officielle
QC;Cultures;158;Niger;5510;Production;79;Mils;1989;1989;tonnes;1332728;;Donn√©e officielle
QC;Cultures;158;Niger;5510;Production;79;Mils;1990;1990;tonnes;1765532;;Donn√©e officielle
QC;Cultures;158;Niger;5510;Production;79;Mils;1991;1991;tonnes;1818000;;Donn√©e officielle
QC;Cultures;158;Niger;5510;Production;79;Mils;1992;1992;tonnes;1881000;;Donn√©e officielle
QC;Cultures;158;Niger;5510;Production;79;Mils;1993;1993;tonnes;1880000;;Donn√©e officielle
QC;Cultures;158;Niger;5510;Production;79;Mils;1994;1994;tonnes;1487000;;Donn√©e officielle
QC;Cultures;158;Niger;5510;Production;79;Mils;1995;1995;tonnes;1769328;*;Chiffre non officiel
QC;Cultures;158;Niger;5510;Production;79;Mils;1996;1996;tonnes;1758005;;Donn√©e officielle
QC;Cultures;158;Niger;5510;Production;79;Mils;1997;1997;tonnes;1351918;;Donn√©e officielle
QC;Cultures;158;Niger;5510;Production;79;Mils;1998;1998;tonnes;2391282;;Donn√©e officielle
QC;Cultures;158;Niger;5510;Production;79;Mils;1999;1999;tonnes;2289686;;Donn√©e officielle
QC;Cultures;158;Niger;5510;Production;79;Mils;2000;2000;tonnes;1678631;;Donn√©e officielle
QC;Cultures;158;Niger;5510;Production;79;Mils;2001;2001;tonnes;2358741;;Donn√©e officielle
QC;Cultures;158;Niger;5510;Production;79;Mils;2002;2002;tonnes;2567219;;Donn√©e officielle
QC;Cultures;158;Niger;5510;Production;79;Mils;2003;2003;tonnes;2744908;;Donn√©e officielle
QC;Cultures;158;Niger;5510;Production;79;Mils;2004;2004;tonnes;2037714;;Donn√©e officielle
QC;Cultures;158;Niger;5510;Production;79;Mils;2005;2005;tonnes;2652371;;Donn√©e officielle
QC;Cultures;158;Niger;5510;Production;79;Mils;2006;2006;tonnes;3008584;;Donn√©e officielle
QC;Cultures;158;Niger;5510;Production;79;Mils;2007;2007;tonnes;2781928;;Donn√©e officielle
QC;Cultures;158;Niger;5510;Production;79;Mils;2008;2008;tonnes;3489391;;Donn√©e officielle
QC;Cultures;158;Niger;5510;Production;79;Mils;2009;2009;tonnes;2677855;;Donn√©e officielle
QC;Cultures;158;Niger;5510;Production;79;Mils;2010;2010;tonnes;3837525;;Donn√©e officielle
QC;Cultures;158;Niger;5510;Production;79;Mils;2011;2011;tonnes;2760917;;Donn√©e officielle
QC;Cultures;158;Niger;5510;Production;79;Mils;2012;2012;tonnes;3862155;;Donn√©e officielle
QC;Cultures;158;Niger;5510;Production;79;Mils;2013;2013;tonnes;2921982;;Donn√©e officielle
QC;Cultures;158;Niger;5510;Production;79;Mils;2014;2014;tonnes;3321752;;Donn√©e officielle
QC;Cultures;158;Niger;5510;Production;79;Mils;2015;2015;tonnes;3404813;;Donn√©e officielle
QC;Cultures;158;Niger;5510;Production;79;Mils;2016;2016;tonnes;3886079;;Donn√©e officielle
QC;Cultures;158;Niger;5510;Production;79;Mils;2017;2017;tonnes;3790028;;Donn√©e officielle
QC;Cultures;195;S√©n√©gal;5312;Superficie;79;Mils;1961;1961;ha;738100;;Donn√©e officielle
QC;Cultures;195;S√©n√©gal;5312;Superficie;79;Mils;1962;1962;ha;768300;;Donn√©e officielle
QC;Cultures;195;S√©n√©gal;5312;Superficie;79;Mils;1963;1963;ha;842000;;Donn√©e officielle
QC;Cultures;195;S√©n√©gal;5312;Superficie;79;Mils;1964;1964;ha;898200;;Donn√©e officielle
QC;Cultures;195;S√©n√©gal;5312;Superficie;79;Mils;1965;1965;ha;950000;;Donn√©e officielle
QC;Cultures;195;S√©n√©gal;5312;Superficie;79;Mils;1966;1966;ha;849000;;Donn√©e officielle
QC;Cultures;195;S√©n√©gal;5312;Superficie;79;Mils;1967;1967;ha;1014400;;Donn√©e officielle
QC;Cultures;195;S√©n√©gal;5312;Superficie;79;Mils;1968;1968;ha;925100;;Donn√©e officielle
QC;Cultures;195;S√©n√©gal;5312;Superficie;79;Mils;1969;1969;ha;910700;;Donn√©e officielle
QC;Cultures;195;S√©n√©gal;5312;Superficie;79;Mils;1970;1970;ha;856400;;Donn√©e officielle
QC;Cultures;195;S√©n√©gal;5312;Superficie;79;Mils;1971;1971;ha;855700;;Donn√©e officielle
QC;Cultures;195;S√©n√©gal;5312;Superficie;79;Mils;1972;1972;ha;822200;;Donn√©e officielle
QC;Cultures;195;S√©n√©gal;5312;Superficie;79;Mils;1973;1973;ha;960000;;Donn√©e officielle
QC;Cultures;195;S√©n√©gal;5312;Superficie;79;Mils;1974;1974;ha;1013100;;Donn√©e officielle
QC;Cultures;195;S√©n√©gal;5312;Superficie;79;Mils;1975;1975;ha;845700;;Donn√©e officielle
QC;Cultures;195;S√©n√©gal;5312;Superficie;79;Mils;1976;1976;ha;786100;;Donn√©e officielle
QC;Cultures;195;S√©n√©gal;5312;Superficie;79;Mils;1977;1977;ha;827800;;Donn√©e officielle
QC;Cultures;195;S√©n√©gal;5312;Superficie;79;Mils;1978;1978;ha;925900;;Donn√©e officielle
QC;Cultures;195;S√©n√©gal;5312;Superficie;79;Mils;1979;1979;ha;812100;;Donn√©e officielle
QC;Cultures;195;S√©n√©gal;5312;Superficie;79;Mils;1980;1980;ha;951400;;Donn√©e officielle
QC;Cultures;195;S√©n√©gal;5312;Superficie;79;Mils;1981;1981;ha;1033300;;Donn√©e officielle
QC;Cultures;195;S√©n√©gal;5312;Superficie;79;Mils;1982;1982;ha;870000;;Donn√©e officielle
QC;Cultures;195;S√©n√©gal;5312;Superficie;79;Mils;1983;1983;ha;709000;;Donn√©e officielle
QC;Cultures;195;S√©n√©gal;5312;Superficie;79;Mils;1984;1984;ha;903000;;Donn√©e officielle
QC;Cultures;195;S√©n√©gal;5312;Superficie;79;Mils;1985;1985;ha;1146000;;Donn√©e officielle
QC;Cultures;195;S√©n√©gal;5312;Superficie;79;Mils;1986;1986;ha;856195;;Donn√©e officielle
QC;Cultures;195;S√©n√©gal;5312;Superficie;79;Mils;1987;1987;ha;946001;;Donn√©e officielle
QC;Cultures;195;S√©n√©gal;5312;Superficie;79;Mils;1988;1988;ha;893436;;Donn√©e officielle
QC;Cultures;195;S√©n√©gal;5312;Superficie;79;Mils;1989;1989;ha;952898;;Donn√©e officielle
QC;Cultures;195;S√©n√©gal;5312;Superficie;79;Mils;1990;1990;ha;864842;;Donn√©e officielle
QC;Cultures;195;S√©n√©gal;5312;Superficie;79;Mils;1991;1991;ha;978818;;Donn√©e officielle
QC;Cultures;195;S√©n√©gal;5312;Superficie;79;Mils;1992;1992;ha;905086;;Donn√©e officielle
QC;Cultures;195;S√©n√©gal;5312;Superficie;79;Mils;1993;1993;ha;1100271;;Donn√©e officielle
QC;Cultures;195;S√©n√©gal;5312;Superficie;79;Mils;1994;1994;ha;1077727;;Donn√©e officielle
QC;Cultures;195;S√©n√©gal;5312;Superficie;79;Mils;1995;1995;ha;1039274;;Donn√©e officielle
QC;Cultures;195;S√©n√©gal;5312;Superficie;79;Mils;1996;1996;ha;971643;;Donn√©e officielle
QC;Cultures;195;S√©n√©gal;5312;Superficie;79;Mils;1997;1997;ha;821238;;Donn√©e officielle
QC;Cultures;195;S√©n√©gal;5312;Superficie;79;Mils;1998;1998;ha;789703;;Donn√©e officielle
QC;Cultures;195;S√©n√©gal;5312;Superficie;79;Mils;1999;1999;ha;1007462;;Donn√©e officielle
QC;Cultures;195;S√©n√©gal;5312;Superficie;79;Mils;2000;2000;ha;842124;;Donn√©e officielle
QC;Cultures;195;S√©n√©gal;5312;Superficie;79;Mils;2001;2001;ha;801074;;Donn√©e officielle
QC;Cultures;195;S√©n√©gal;5312;Superficie;79;Mils;2002;2002;ha;819580;;Donn√©e officielle
QC;Cultures;195;S√©n√©gal;5312;Superficie;79;Mils;2003;2003;ha;857458;;Donn√©e officielle
QC;Cultures;195;S√©n√©gal;5312;Superficie;79;Mils;2004;2004;ha;686929;;Donn√©e officielle
QC;Cultures;195;S√©n√©gal;5312;Superficie;79;Mils;2005;2005;ha;800763;;Donn√©e officielle
QC;Cultures;195;S√©n√©gal;5312;Superficie;79;Mils;2006;2006;ha;748311;;Donn√©e officielle
QC;Cultures;195;S√©n√©gal;5312;Superficie;79;Mils;2007;2007;ha;686892;;Donn√©e officielle
QC;Cultures;195;S√©n√©gal;5312;Superficie;79;Mils;2008;2008;ha;883619;;Donn√©e officielle
QC;Cultures;195;S√©n√©gal;5312;Superficie;79;Mils;2009;2009;ha;1051668;;Donn√©e officielle
QC;Cultures;195;S√©n√©gal;5312;Superficie;79;Mils;2010;2010;ha;1033157;;Donn√©e officielle
QC;Cultures;195;S√©n√©gal;5312;Superficie;79;Mils;2011;2011;ha;779803;;Donn√©e officielle
QC;Cultures;195;S√©n√©gal;5312;Superficie;79;Mils;2012;2012;ha;817471;;Donn√©e officielle
QC;Cultures;195;S√©n√©gal;5312;Superficie;79;Mils;2013;2013;ha;754274;;Donn√©e officielle
QC;Cultures;195;S√©n√©gal;5312;Superficie;79;Mils;2014;2014;ha;715996;;Donn√©e officielle
QC;Cultures;195;S√©n√©gal;5312;Superficie;79;Mils;2015;2015;ha;922008;;Donn√©e officielle
QC;Cultures;195;S√©n√©gal;5312;Superficie;79;Mils;2016;2016;ha;853368;Im;Donn√©es de la FAO bas√©es sur une m√©thodologie d'imputation
QC;Cultures;195;S√©n√©gal;5312;Superficie;79;Mils;2017;2017;ha;813084;Im;Donn√©es de la FAO bas√©es sur une m√©thodologie d'imputation
QC;Cultures;195;SÈnÈgal;5419;Rendement;79;Mils;1961;1961;hg/ha;4529;Fc;Donn√©e calcul√©e
QC;Cultures;195;SÈnÈgal;5419;Rendement;79;Mils;1962;1962;hg/ha;4539;Fc;Donn√©e calcul√©e
QC;Cultures;195;SÈnÈgal;5419;Rendement;79;Mils;1963;1963;hg/ha;4664;Fc;Donn√©e calcul√©e
QC;Cultures;195;SÈnÈgal;5419;Rendement;79;Mils;1964;1964;hg/ha;4863;Fc;Donn√©e calcul√©e
QC;Cultures;195;SÈnÈgal;5419;Rendement;79;Mils;1965;1965;hg/ha;4779;Fc;Donn√©e calcul√©e
QC;Cultures;195;SÈnÈgal;5419;Rendement;79;Mils;1966;1966;hg/ha;4065;Fc;Donn√©e calcul√©e
QC;Cultures;195;SÈnÈgal;5419;Rendement;79;Mils;1967;1967;hg/ha;5261;Fc;Donn√©e calcul√©e
QC;Cultures;195;SÈnÈgal;5419;Rendement;79;Mils;1968;1968;hg/ha;3966;Fc;Donn√©e calcul√©e
QC;Cultures;195;SÈnÈgal;5419;Rendement;79;Mils;1969;1969;hg/ha;5681;Fc;Donn√©e calcul√©e
QC;Cultures;195;SÈnÈgal;5419;Rendement;79;Mils;1970;1970;hg/ha;3815;Fc;Donn√©e calcul√©e
QC;Cultures;195;SÈnÈgal;5419;Rendement;79;Mils;1971;1971;hg/ha;5550;Fc;Donn√©e calcul√©e
QC;Cultures;195;SÈnÈgal;5419;Rendement;79;Mils;1972;1972;hg/ha;3200;Fc;Donn√©e calcul√©e
QC;Cultures;195;SÈnÈgal;5419;Rendement;79;Mils;1973;1973;hg/ha;4336;Fc;Donn√©e calcul√©e
QC;Cultures;195;SÈnÈgal;5419;Rendement;79;Mils;1974;1974;hg/ha;6395;Fc;Donn√©e calcul√©e
QC;Cultures;195;SÈnÈgal;5419;Rendement;79;Mils;1975;1975;hg/ha;5984;Fc;Donn√©e calcul√©e
QC;Cultures;195;SÈnÈgal;5419;Rendement;79;Mils;1976;1976;hg/ha;5789;Fc;Donn√©e calcul√©e
QC;Cultures;195;SÈnÈgal;5419;Rendement;79;Mils;1977;1977;hg/ha;4136;Fc;Donn√©e calcul√©e
QC;Cultures;195;SÈnÈgal;5419;Rendement;79;Mils;1978;1978;hg/ha;7071;Fc;Donn√©e calcul√©e
QC;Cultures;195;SÈnÈgal;5419;Rendement;79;Mils;1979;1979;hg/ha;5221;Fc;Donn√©e calcul√©e
QC;Cultures;195;SÈnÈgal;5419;Rendement;79;Mils;1980;1980;hg/ha;4740;Fc;Donn√©e calcul√©e
QC;Cultures;195;SÈnÈgal;5419;Rendement;79;Mils;1981;1981;hg/ha;7645;Fc;Donn√©e calcul√©e
QC;Cultures;195;SÈnÈgal;5419;Rendement;79;Mils;1982;1982;hg/ha;5482;Fc;Donn√©e calcul√©e
QC;Cultures;195;SÈnÈgal;5419;Rendement;79;Mils;1983;1983;hg/ha;4048;Fc;Donn√©e calcul√©e
QC;Cultures;195;SÈnÈgal;5419;Rendement;79;Mils;1984;1984;hg/ha;4219;Fc;Donn√©e calcul√©e
QC;Cultures;195;SÈnÈgal;5419;Rendement;79;Mils;1985;1985;hg/ha;6702;Fc;Donn√©e calcul√©e
QC;Cultures;195;SÈnÈgal;5419;Rendement;79;Mils;1986;1986;hg/ha;5864;Fc;Donn√©e calcul√©e
QC;Cultures;195;SÈnÈgal;5419;Rendement;79;Mils;1987;1987;hg/ha;7295;Fc;Donn√©e calcul√©e
QC;Cultures;195;SÈnÈgal;5419;Rendement;79;Mils;1988;1988;hg/ha;5424;Fc;Donn√©e calcul√©e
QC;Cultures;195;SÈnÈgal;5419;Rendement;79;Mils;1989;1989;hg/ha;6705;Fc;Donn√©e calcul√©e
QC;Cultures;195;SÈnÈgal;5419;Rendement;79;Mils;1990;1990;hg/ha;5837;Fc;Donn√©e calcul√©e
QC;Cultures;195;SÈnÈgal;5419;Rendement;79;Mils;1991;1991;hg/ha;6851;Fc;Donn√©e calcul√©e
QC;Cultures;195;SÈnÈgal;5419;Rendement;79;Mils;1992;1992;hg/ha;6217;Fc;Donn√©e calcul√©e
QC;Cultures;195;SÈnÈgal;5419;Rendement;79;Mils;1993;1993;hg/ha;6840;Fc;Donn√©e calcul√©e
QC;Cultures;195;SÈnÈgal;5419;Rendement;79;Mils;1994;1994;hg/ha;6225;Fc;Donn√©e calcul√©e
QC;Cultures;195;SÈnÈgal;5419;Rendement;79;Mils;1995;1995;hg/ha;7641;Fc;Donn√©e calcul√©e
QC;Cultures;195;SÈnÈgal;5419;Rendement;79;Mils;1996;1996;hg/ha;6189;Fc;Donn√©e calcul√©e
QC;Cultures;195;SÈnÈgal;5419;Rendement;79;Mils;1997;1997;hg/ha;5193;Fc;Donn√©e calcul√©e
QC;Cultures;195;SÈnÈgal;5419;Rendement;79;Mils;1998;1998;hg/ha;5590;Fc;Donn√©e calcul√©e
QC;Cultures;195;SÈnÈgal;5419;Rendement;79;Mils;1999;1999;hg/ha;6700;Fc;Donn√©e calcul√©e
QC;Cultures;195;SÈnÈgal;5419;Rendement;79;Mils;2000;2000;hg/ha;7127;Fc;Donn√©e calcul√©e
QC;Cultures;195;SÈnÈgal;5419;Rendement;79;Mils;2001;2001;hg/ha;6949;Fc;Donn√©e calcul√©e
QC;Cultures;195;SÈnÈgal;5419;Rendement;79;Mils;2002;2002;hg/ha;5061;Fc;Donn√©e calcul√©e
QC;Cultures;195;SÈnÈgal;5419;Rendement;79;Mils;2003;2003;hg/ha;7329;Fc;Donn√©e calcul√©e
QC;Cultures;195;SÈnÈgal;5419;Rendement;79;Mils;2004;2004;hg/ha;4713;Fc;Donn√©e calcul√©e
QC;Cultures;195;SÈnÈgal;5419;Rendement;79;Mils;2005;2005;hg/ha;7600;Fc;Donn√©e calcul√©e
QC;Cultures;195;SÈnÈgal;5419;Rendement;79;Mils;2006;2006;hg/ha;6606;Fc;Donn√©e calcul√©e
QC;Cultures;195;SÈnÈgal;5419;Rendement;79;Mils;2007;2007;hg/ha;4642;Fc;Donn√©e calcul√©e
QC;Cultures;195;SÈnÈgal;5419;Rendement;79;Mils;2008;2008;hg/ha;7675;Fc;Donn√©e calcul√©e
QC;Cultures;195;SÈnÈgal;5419;Rendement;79;Mils;2009;2009;hg/ha;7703;Fc;Donn√©e calcul√©e
QC;Cultures;195;SÈnÈgal;5419;Rendement;79;Mils;2010;2010;hg/ha;7872;Fc;Donn√©e calcul√©e
QC;Cultures;195;SÈnÈgal;5419;Rendement;79;Mils;2011;2011;hg/ha;6165;Fc;Donn√©e calcul√©e
QC;Cultures;195;SÈnÈgal;5419;Rendement;79;Mils;2012;2012;hg/ha;8106;Fc;Donn√©e calcul√©e
QC;Cultures;195;SÈnÈgal;5419;Rendement;79;Mils;2013;2013;hg/ha;6833;Fc;Donn√©e calcul√©e
QC;Cultures;195;SÈnÈgal;5419;Rendement;79;Mils;2014;2014;hg/ha;5712;Fc;Donn√©e calcul√©e
QC;Cultures;195;SÈnÈgal;5419;Rendement;79;Mils;2015;2015;hg/ha;8133;Fc;Donn√©e calcul√©e
QC;Cultures;195;SÈnÈgal;5419;Rendement;79;Mils;2016;2016;hg/ha;7111;Fc;Donn√©e calcul√©e
QC;Cultures;195;SÈnÈgal;5419;Rendement;79;Mils;2017;2017;hg/ha;6997;Fc;Donn√©e calcul√©e
QC;Cultures;195;S√©n√©gal;5510;Production;79;Mils;1961;1961;tonnes;334300;;Donn√©e officielle
QC;Cultures;195;S√©n√©gal;5510;Production;79;Mils;1962;1962;tonnes;348700;;Donn√©e officielle
QC;Cultures;195;S√©n√©gal;5510;Production;79;Mils;1963;1963;tonnes;392700;;Donn√©e officielle
QC;Cultures;195;S√©n√©gal;5510;Production;79;Mils;1964;1964;tonnes;436800;;Donn√©e officielle
QC;Cultures;195;S√©n√©gal;5510;Production;79;Mils;1965;1965;tonnes;454000;;Donn√©e officielle
QC;Cultures;195;S√©n√©gal;5510;Production;79;Mils;1966;1966;tonnes;345100;;Donn√©e officielle
QC;Cultures;195;S√©n√©gal;5510;Production;79;Mils;1967;1967;tonnes;533700;;Donn√©e officielle
QC;Cultures;195;S√©n√©gal;5510;Production;79;Mils;1968;1968;tonnes;366900;;Donn√©e officielle
QC;Cultures;195;S√©n√©gal;5510;Production;79;Mils;1969;1969;tonnes;517400;;Donn√©e officielle
QC;Cultures;195;S√©n√©gal;5510;Production;79;Mils;1970;1970;tonnes;326700;;Donn√©e officielle
QC;Cultures;195;S√©n√©gal;5510;Production;79;Mils;1971;1971;tonnes;474900;;Donn√©e officielle
QC;Cultures;195;S√©n√©gal;5510;Production;79;Mils;1972;1972;tonnes;263100;;Donn√©e officielle
QC;Cultures;195;S√©n√©gal;5510;Production;79;Mils;1973;1973;tonnes;416300;;Donn√©e officielle
QC;Cultures;195;S√©n√©gal;5510;Production;79;Mils;1974;1974;tonnes;647900;;Donn√©e officielle
QC;Cultures;195;S√©n√©gal;5510;Production;79;Mils;1975;1975;tonnes;506100;;Donn√©e officielle
QC;Cultures;195;S√©n√©gal;5510;Production;79;Mils;1976;1976;tonnes;455100;;Donn√©e officielle
QC;Cultures;195;S√©n√©gal;5510;Production;79;Mils;1977;1977;tonnes;342400;;Donn√©e officielle
QC;Cultures;195;S√©n√©gal;5510;Production;79;Mils;1978;1978;tonnes;654700;;Donn√©e officielle
QC;Cultures;195;S√©n√©gal;5510;Production;79;Mils;1979;1979;tonnes;424000;;Donn√©e officielle
QC;Cultures;195;S√©n√©gal;5510;Production;79;Mils;1980;1980;tonnes;451000;;Donn√©e officielle
QC;Cultures;195;S√©n√©gal;5510;Production;79;Mils;1981;1981;tonnes;790000;;Donn√©e officielle
QC;Cultures;195;S√©n√©gal;5510;Production;79;Mils;1982;1982;tonnes;476900;;Donn√©e officielle
QC;Cultures;195;S√©n√©gal;5510;Production;79;Mils;1983;1983;tonnes;287000;;Donn√©e officielle
QC;Cultures;195;S√©n√©gal;5510;Production;79;Mils;1984;1984;tonnes;381000;;Donn√©e officielle
QC;Cultures;195;S√©n√©gal;5510;Production;79;Mils;1985;1985;tonnes;768000;;Donn√©e officielle
QC;Cultures;195;S√©n√©gal;5510;Production;79;Mils;1986;1986;tonnes;502060;;Donn√©e officielle
QC;Cultures;195;S√©n√©gal;5510;Production;79;Mils;1987;1987;tonnes;690103;;Donn√©e officielle
QC;Cultures;195;S√©n√©gal;5510;Production;79;Mils;1988;1988;tonnes;484638;;Donn√©e officielle
QC;Cultures;195;S√©n√©gal;5510;Production;79;Mils;1989;1989;tonnes;638883;;Donn√©e officielle
QC;Cultures;195;S√©n√©gal;5510;Production;79;Mils;1990;1990;tonnes;504801;;Donn√©e officielle
QC;Cultures;195;S√©n√©gal;5510;Production;79;Mils;1991;1991;tonnes;670607;;Donn√©e officielle
QC;Cultures;195;S√©n√©gal;5510;Production;79;Mils;1992;1992;tonnes;562706;;Donn√©e officielle
QC;Cultures;195;S√©n√©gal;5510;Production;79;Mils;1993;1993;tonnes;752616;;Donn√©e officielle
QC;Cultures;195;S√©n√©gal;5510;Production;79;Mils;1994;1994;tonnes;670843;;Donn√©e officielle
QC;Cultures;195;S√©n√©gal;5510;Production;79;Mils;1995;1995;tonnes;794133;;Donn√©e officielle
QC;Cultures;195;S√©n√©gal;5510;Production;79;Mils;1996;1996;tonnes;601359;;Donn√©e officielle
QC;Cultures;195;S√©n√©gal;5510;Production;79;Mils;1997;1997;tonnes;426481;;Donn√©e officielle
QC;Cultures;195;S√©n√©gal;5510;Production;79;Mils;1998;1998;tonnes;441418;;Donn√©e officielle
QC;Cultures;195;S√©n√©gal;5510;Production;79;Mils;1999;1999;tonnes;675000;;Donn√©e officielle
QC;Cultures;195;S√©n√©gal;5510;Production;79;Mils;2000;2000;tonnes;600221;;Donn√©e officielle
QC;Cultures;195;S√©n√©gal;5510;Production;79;Mils;2001;2001;tonnes;556655;;Donn√©e officielle
QC;Cultures;195;S√©n√©gal;5510;Production;79;Mils;2002;2002;tonnes;414820;;Donn√©e officielle
QC;Cultures;195;S√©n√©gal;5510;Production;79;Mils;2003;2003;tonnes;628426;;Donn√©e officielle
QC;Cultures;195;S√©n√©gal;5510;Production;79;Mils;2004;2004;tonnes;323752;;Donn√©e officielle
QC;Cultures;195;S√©n√©gal;5510;Production;79;Mils;2005;2005;tonnes;608551;;Donn√©e officielle
QC;Cultures;195;S√©n√©gal;5510;Production;79;Mils;2006;2006;tonnes;494345;;Donn√©e officielle
QC;Cultures;195;S√©n√©gal;5510;Production;79;Mils;2007;2007;tonnes;318822;;Donn√©e officielle
QC;Cultures;195;S√©n√©gal;5510;Production;79;Mils;2008;2008;tonnes;678171;;Donn√©e officielle
QC;Cultures;195;S√©n√©gal;5510;Production;79;Mils;2009;2009;tonnes;810121;;Donn√©e officielle
QC;Cultures;195;S√©n√©gal;5510;Production;79;Mils;2010;2010;tonnes;813295;;Donn√©e officielle
QC;Cultures;195;S√©n√©gal;5510;Production;79;Mils;2011;2011;tonnes;480759;;Donn√©e officielle
QC;Cultures;195;S√©n√©gal;5510;Production;79;Mils;2012;2012;tonnes;662614;;Donn√©e officielle
QC;Cultures;195;S√©n√©gal;5510;Production;79;Mils;2013;2013;tonnes;515365;;Donn√©e officielle
QC;Cultures;195;S√©n√©gal;5510;Production;79;Mils;2014;2014;tonnes;408993;;Donn√©e officielle
QC;Cultures;195;S√©n√©gal;5510;Production;79;Mils;2015;2015;tonnes;749874;;Donn√©e officielle
QC;Cultures;195;S√©n√©gal;5510;Production;79;Mils;2016;2016;tonnes;606853;Im;Donn√©es de la FAO bas√©es sur une m√©thodologie d'imputation
QC;Cultures;195;S√©n√©gal;5510;Production;79;Mils;2017;2017;tonnes;568939;Im;Donn√©es de la FAO bas√©es sur une m√©thodologie d'imputation
